user_id,session_id,timestamp,event_type,page,device,browser,country
U1,S1,2026-04-02 08:17:00,click,search,mobile,Chrome,Spain
U1,S1,2026-04-02 08:20:46,page_view,home,mobile,Firefox,France
U1,S1,2026-04-02 08:25:14,add_to_cart,home,tablet,Firefox,Italy
U1,S1,2026-04-02 08:27:16,search,checkout,desktop,Chrome,France
U1,S1,2026-04-02 08:31:02,scroll,product,mobile,Firefox,Germany
U1,S2,2026-04-02 21:23:00,scroll,help,desktop,Safari,Spain
U1,S2,2026-04-02 21:27:05,add_to_cart,home,desktop,Chrome,Germany
U1,S2,2026-04-02 21:30:20,add_to_cart,search,tablet,Chrome,Spain
U1,S2,2026-04-02 21:32:26,scroll,home,mobile,Chrome,Italy
U1,S2,2026-04-02 21:34:58,search,profile,desktop,Firefox,Germany
U1,S2,2026-04-02 21:38:09,click,profile,desktop,Chrome,France
U1,S3,2026-04-03 03:52:00,search,product,tablet,Firefox,Germany
U1,S3,2026-04-03 03:52:38,click,help,mobile,Safari,Italy
U1,S3,2026-04-03 03:55:05,page_view,search,tablet,Safari,France
U1,S3,2026-04-03 03:59:30,search,profile,desktop,Firefox,Germany
U1,S3,2026-04-03 04:00:51,click,profile,tablet,Safari,Italy
U1,S3,2026-04-03 04:04:25,scroll,search,mobile,Edge,Spain
U1,S3,2026-04-03 04:04:59,page_view,search,tablet,Firefox,Italy
U1,S3,2026-04-03 04:05:41,search,cart,tablet,Edge,Germany
U2,S4,2026-04-02 08:07:00,purchase,checkout,desktop,Safari,Spain
U2,S4,2026-04-02 08:09:40,search,search,desktop,Chrome,Germany
U2,S4,2026-04-02 08:14:06,click,checkout,mobile,Safari,France
U2,S4,2026-04-02 08:15:34,scroll,help,mobile,Chrome,Germany
U2,S4,2026-04-02 08:19:54,page_view,home,desktop,Safari,France
U2,S4,2026-04-02 08:20:33,click,checkout,mobile,Chrome,Italy
U2,S4,2026-04-02 08:21:18,add_to_cart,help,mobile,Firefox,Italy
U2,S4,2026-04-02 08:26:09,click,product,tablet,Edge,France
U2,S4,2026-04-02 08:30:55,purchase,profile,mobile,Safari,Italy
U2,S4,2026-04-02 08:34:16,search,checkout,desktop,Chrome,France
U2,S4,2026-04-02 08:36:21,page_view,product,mobile,Firefox,France
U2,S4,2026-04-02 08:36:34,page_view,profile,tablet,Chrome,France
U2,S4,2026-04-02 08:37:18,page_view,help,desktop,Chrome,France
U2,S4,2026-04-02 08:39:50,purchase,cart,mobile,Firefox,Italy
U2,S4,2026-04-02 08:42:04,search,help,desktop,Firefox,Spain
U2,S5,2026-04-02 22:29:00,search,cart,desktop,Chrome,Spain
U2,S5,2026-04-02 22:29:41,search,profile,desktop,Chrome,France
U2,S5,2026-04-02 22:31:29,click,checkout,desktop,Firefox,Italy
U2,S5,2026-04-02 22:33:12,scroll,cart,mobile,Chrome,Italy
U2,S5,2026-04-02 22:38:03,page_view,home,tablet,Chrome,Spain
U2,S5,2026-04-02 22:40:14,click,cart,desktop,Edge,France
U2,S5,2026-04-02 22:43:49,page_view,search,desktop,Chrome,Italy
U2,S5,2026-04-02 22:46:14,search,product,desktop,Edge,France
U2,S5,2026-04-02 22:48:01,scroll,search,mobile,Chrome,Germany
U2,S5,2026-04-02 22:48:40,page_view,checkout,desktop,Firefox,Spain
U2,S5,2026-04-02 22:53:10,page_view,help,mobile,Chrome,Spain
U2,S5,2026-04-02 22:55:20,search,home,tablet,Firefox,Spain
U2,S5,2026-04-02 22:56:11,search,profile,tablet,Safari,Germany
U2,S5,2026-04-02 22:58:05,purchase,profile,desktop,Firefox,Germany
U2,S5,2026-04-02 23:01:37,click,profile,tablet,Safari,Italy
U2,S6,2026-04-02 23:58:00,add_to_cart,checkout,mobile,Chrome,France
U2,S6,2026-04-03 00:02:29,scroll,search,desktop,Chrome,France
U2,S6,2026-04-03 00:05:48,scroll,search,desktop,Safari,Spain
U2,S6,2026-04-03 00:10:41,scroll,profile,mobile,Firefox,Germany
U2,S6,2026-04-03 00:11:50,page_view,profile,tablet,Firefox,Germany
U2,S6,2026-04-03 00:14:24,add_to_cart,search,tablet,Safari,France
U3,S7,2026-04-01 10:05:00,purchase,cart,desktop,Chrome,Spain
U3,S7,2026-04-01 10:08:00,click,profile,desktop,Firefox,Italy
U3,S7,2026-04-01 10:12:52,purchase,cart,tablet,Chrome,Spain
U3,S7,2026-04-01 10:13:40,purchase,search,tablet,Chrome,Germany
U3,S7,2026-04-01 10:18:32,click,cart,mobile,Chrome,Germany
U3,S7,2026-04-01 10:21:48,page_view,product,mobile,Firefox,Spain
U3,S7,2026-04-01 10:24:59,add_to_cart,help,desktop,Firefox,France
U3,S7,2026-04-01 10:26:32,click,cart,mobile,Firefox,Germany
U3,S7,2026-04-01 10:30:12,purchase,help,tablet,Firefox,Germany
U3,S8,2026-04-02 00:00:00,page_view,help,desktop,Firefox,France
U3,S8,2026-04-02 00:04:05,scroll,product,mobile,Firefox,Spain
U3,S8,2026-04-02 00:05:53,search,product,desktop,Chrome,Germany
U3,S8,2026-04-02 00:09:02,purchase,checkout,desktop,Safari,Spain
U3,S8,2026-04-02 00:10:11,scroll,search,tablet,Safari,Spain
U3,S8,2026-04-02 00:11:16,add_to_cart,cart,desktop,Safari,Italy
U3,S9,2026-04-02 13:57:00,add_to_cart,search,desktop,Chrome,Italy
U3,S9,2026-04-02 13:57:10,add_to_cart,help,tablet,Firefox,Germany
U3,S9,2026-04-02 14:01:00,page_view,profile,desktop,Safari,Spain
U3,S9,2026-04-02 14:03:43,add_to_cart,product,tablet,Edge,Germany
U3,S9,2026-04-02 14:07:19,purchase,product,tablet,Firefox,France
U3,S9,2026-04-02 14:11:04,purchase,cart,tablet,Firefox,Germany
U3,S10,2026-04-02 15:16:00,scroll,search,desktop,Safari,Italy
U3,S10,2026-04-02 15:19:56,search,profile,mobile,Edge,France
U3,S10,2026-04-02 15:20:49,scroll,checkout,tablet,Safari,Spain
U3,S10,2026-04-02 15:22:59,purchase,product,mobile,Firefox,France
U3,S10,2026-04-02 15:23:21,page_view,search,desktop,Chrome,Italy
U3,S10,2026-04-02 15:27:03,purchase,checkout,mobile,Edge,Italy
U3,S10,2026-04-02 15:30:37,click,search,tablet,Chrome,Spain
U3,S10,2026-04-02 15:34:24,click,search,tablet,Edge,Spain
U3,S10,2026-04-02 15:39:19,click,help,mobile,Edge,France
U3,S10,2026-04-02 15:43:26,purchase,checkout,tablet,Safari,Italy
U3,S10,2026-04-02 15:47:54,search,help,tablet,Edge,France
U3,S10,2026-04-02 15:52:07,search,product,mobile,Safari,Italy
U3,S10,2026-04-02 15:54:19,scroll,cart,mobile,Safari,France
U3,S11,2026-04-03 03:13:00,add_to_cart,home,mobile,Firefox,France
U3,S11,2026-04-03 03:16:26,purchase,search,tablet,Firefox,Spain
U3,S11,2026-04-03 03:20:08,search,product,tablet,Edge,Italy
U3,S11,2026-04-03 03:20:49,click,help,desktop,Edge,Spain
U3,S11,2026-04-03 03:24:13,search,home,desktop,Safari,Italy
U3,S11,2026-04-03 03:27:57,add_to_cart,profile,tablet,Firefox,Italy
U3,S11,2026-04-03 03:29:59,scroll,cart,desktop,Chrome,Italy
U3,S11,2026-04-03 03:33:01,purchase,profile,desktop,Firefox,Italy
U3,S11,2026-04-03 03:34:16,add_to_cart,checkout,mobile,Edge,Spain
U3,S11,2026-04-03 03:35:08,purchase,cart,mobile,Edge,France
U3,S12,2026-04-03 16:33:00,click,cart,desktop,Safari,Italy
U3,S12,2026-04-03 16:35:32,search,product,mobile,Edge,Spain
U3,S12,2026-04-03 16:40:18,page_view,product,mobile,Chrome,Spain
U3,S12,2026-04-03 16:40:43,click,search,mobile,Firefox,France
U3,S12,2026-04-03 16:41:57,search,profile,mobile,Firefox,Italy
U3,S12,2026-04-03 16:44:18,scroll,search,tablet,Chrome,France
U3,S12,2026-04-03 16:47:07,page_view,checkout,mobile,Safari,Italy
U3,S12,2026-04-03 16:50:40,purchase,search,mobile,Firefox,Spain
U3,S12,2026-04-03 16:53:24,purchase,checkout,mobile,Chrome,Germany
U4,S13,2026-04-01 20:04:00,add_to_cart,profile,desktop,Chrome,Italy
U4,S13,2026-04-01 20:08:20,page_view,cart,desktop,Edge,France
U4,S13,2026-04-01 20:12:12,click,profile,tablet,Safari,Italy
U4,S13,2026-04-01 20:16:20,search,help,tablet,Safari,Germany
U4,S13,2026-04-01 20:18:35,page_view,product,desktop,Firefox,Italy
U4,S13,2026-04-01 20:21:59,scroll,home,desktop,Safari,France
U4,S13,2026-04-01 20:26:18,click,product,desktop,Safari,Germany
U4,S13,2026-04-01 20:28:49,add_to_cart,home,tablet,Firefox,Spain
U4,S13,2026-04-01 20:31:02,purchase,cart,desktop,Firefox,Italy
U4,S13,2026-04-01 20:35:23,search,help,mobile,Chrome,Germany
U4,S13,2026-04-01 20:37:26,search,profile,mobile,Safari,Germany
U4,S13,2026-04-01 20:41:38,add_to_cart,checkout,desktop,Edge,Germany
U4,S13,2026-04-01 20:44:48,purchase,cart,desktop,Safari,Germany
U4,S13,2026-04-01 20:46:56,page_view,profile,mobile,Safari,Spain
U4,S13,2026-04-01 20:51:40,purchase,search,mobile,Firefox,Italy
U4,S14,2026-04-02 13:42:00,scroll,home,mobile,Safari,France
U4,S14,2026-04-02 13:45:14,click,product,mobile,Firefox,Germany
U4,S14,2026-04-02 13:45:47,page_view,checkout,desktop,Firefox,Italy
U4,S14,2026-04-02 13:46:49,page_view,checkout,desktop,Edge,Italy
U4,S14,2026-04-02 13:50:44,scroll,search,mobile,Safari,Italy
U4,S14,2026-04-02 13:51:52,page_view,cart,desktop,Chrome,Spain
U4,S14,2026-04-02 13:53:19,click,help,tablet,Safari,Spain
U4,S14,2026-04-02 13:55:36,page_view,checkout,desktop,Firefox,Italy
U4,S14,2026-04-02 13:59:36,search,product,tablet,Edge,Germany
U4,S14,2026-04-02 14:00:16,add_to_cart,profile,mobile,Firefox,France
U4,S14,2026-04-02 14:02:41,purchase,home,mobile,Firefox,France
U4,S14,2026-04-02 14:07:33,page_view,search,mobile,Edge,Italy
U4,S14,2026-04-02 14:11:43,scroll,home,mobile,Safari,Germany
U4,S14,2026-04-02 14:15:45,page_view,profile,mobile,Safari,France
U4,S15,2026-04-03 07:56:00,purchase,search,desktop,Firefox,Spain
U4,S15,2026-04-03 07:56:40,click,help,desktop,Safari,Italy
U4,S15,2026-04-03 07:57:53,search,profile,desktop,Edge,Germany
U4,S15,2026-04-03 08:02:19,add_to_cart,cart,desktop,Chrome,Spain
U4,S15,2026-04-03 08:06:10,purchase,product,tablet,Safari,Spain
U4,S15,2026-04-03 08:07:06,click,profile,tablet,Chrome,Germany
U4,S16,2026-04-04 00:29:00,purchase,cart,desktop,Firefox,Italy
U4,S16,2026-04-04 00:33:21,page_view,cart,desktop,Edge,Germany
U4,S16,2026-04-04 00:36:15,purchase,home,mobile,Safari,Italy
U4,S16,2026-04-04 00:40:38,scroll,profile,desktop,Chrome,Italy
U4,S16,2026-04-04 00:41:33,scroll,product,desktop,Chrome,Italy
U4,S16,2026-04-04 00:46:06,page_view,profile,tablet,Edge,Italy
U4,S16,2026-04-04 00:46:43,click,checkout,desktop,Edge,Italy
U4,S17,2026-04-04 10:04:00,click,product,desktop,Edge,Spain
U4,S17,2026-04-04 10:04:24,purchase,checkout,mobile,Firefox,Germany
U4,S17,2026-04-04 10:09:16,page_view,checkout,desktop,Chrome,France
U4,S17,2026-04-04 10:10:24,search,home,tablet,Firefox,Italy
U4,S17,2026-04-04 10:13:03,add_to_cart,profile,desktop,Edge,Italy
U4,S17,2026-04-04 10:17:14,click,cart,tablet,Firefox,Italy
U4,S17,2026-04-04 10:19:01,add_to_cart,checkout,tablet,Firefox,Spain
U4,S17,2026-04-04 10:21:32,search,product,tablet,Safari,Spain
U4,S18,2026-04-05 05:41:00,purchase,cart,mobile,Edge,Italy
U4,S18,2026-04-05 05:44:06,scroll,checkout,tablet,Edge,Italy
U4,S18,2026-04-05 05:47:00,click,profile,mobile,Edge,France
U4,S18,2026-04-05 05:50:40,page_view,product,tablet,Edge,Italy
U4,S18,2026-04-05 05:54:07,purchase,help,tablet,Firefox,Italy
U4,S18,2026-04-05 05:54:35,click,checkout,tablet,Safari,Spain
U4,S18,2026-04-05 05:58:30,page_view,checkout,desktop,Chrome,France
U4,S18,2026-04-05 06:02:09,purchase,search,mobile,Edge,Germany
U4,S18,2026-04-05 06:05:12,add_to_cart,profile,desktop,Chrome,Germany
U5,S19,2026-04-02 05:45:00,search,help,tablet,Chrome,Spain
U5,S19,2026-04-02 05:47:10,purchase,profile,desktop,Firefox,Spain
U5,S19,2026-04-02 05:51:02,page_view,help,tablet,Chrome,Italy
U5,S19,2026-04-02 05:52:37,purchase,product,mobile,Chrome,Germany
U5,S19,2026-04-02 05:53:15,scroll,product,desktop,Edge,France
U5,S19,2026-04-02 05:55:30,add_to_cart,cart,tablet,Firefox,France
U5,S19,2026-04-02 05:57:09,page_view,checkout,desktop,Firefox,Italy
U5,S19,2026-04-02 05:58:32,click,cart,tablet,Safari,Italy
U5,S19,2026-04-02 06:00:52,purchase,home,desktop,Safari,France
U5,S19,2026-04-02 06:01:39,search,product,tablet,Safari,Italy
U5,S20,2026-04-02 15:57:00,search,help,desktop,Chrome,France
U5,S20,2026-04-02 16:00:25,add_to_cart,product,tablet,Safari,Germany
U5,S20,2026-04-02 16:00:46,purchase,cart,desktop,Chrome,Spain
U5,S20,2026-04-02 16:05:10,scroll,help,mobile,Safari,France
U5,S20,2026-04-02 16:06:57,add_to_cart,product,tablet,Firefox,Spain
U5,S20,2026-04-02 16:07:27,scroll,help,desktop,Chrome,Germany
U5,S20,2026-04-02 16:08:44,page_view,product,desktop,Edge,France
U5,S20,2026-04-02 16:10:36,click,help,tablet,Safari,Germany
U5,S20,2026-04-02 16:12:10,scroll,help,desktop,Safari,Germany
U5,S20,2026-04-02 16:13:18,search,home,mobile,Firefox,Italy
U5,S20,2026-04-02 16:18:13,scroll,home,desktop,Chrome,Germany
U5,S20,2026-04-02 16:22:57,page_view,cart,desktop,Safari,Italy
U5,S21,2026-04-03 14:11:00,search,home,tablet,Safari,France
U5,S21,2026-04-03 14:11:42,purchase,help,desktop,Safari,Italy
U5,S21,2026-04-03 14:12:51,click,home,mobile,Safari,Italy
U5,S21,2026-04-03 14:14:00,page_view,search,tablet,Firefox,Italy
U5,S21,2026-04-03 14:18:02,scroll,profile,tablet,Edge,France
U5,S21,2026-04-03 14:21:44,purchase,home,desktop,Edge,Germany
U5,S22,2026-04-03 21:39:00,search,search,desktop,Chrome,Germany
U5,S22,2026-04-03 21:43:48,purchase,product,mobile,Edge,Germany
U5,S22,2026-04-03 21:45:35,page_view,help,desktop,Chrome,France
U5,S22,2026-04-03 21:45:55,page_view,help,desktop,Firefox,France
U5,S22,2026-04-03 21:50:54,click,home,tablet,Firefox,France
U5,S22,2026-04-03 21:53:03,scroll,help,mobile,Chrome,Germany
U5,S22,2026-04-03 21:54:27,click,checkout,desktop,Firefox,Spain
U5,S22,2026-04-03 21:54:50,click,home,desktop,Firefox,Germany
U5,S22,2026-04-03 21:55:08,click,product,mobile,Firefox,Italy
U5,S22,2026-04-03 21:59:47,page_view,profile,mobile,Edge,Italy
U5,S23,2026-04-04 16:45:00,search,checkout,mobile,Chrome,Germany
U5,S23,2026-04-04 16:49:04,purchase,home,mobile,Edge,Italy
U5,S23,2026-04-04 16:52:52,purchase,home,desktop,Edge,Spain
U5,S23,2026-04-04 16:53:43,scroll,checkout,mobile,Chrome,France
U5,S23,2026-04-04 16:56:13,add_to_cart,profile,tablet,Safari,Italy
U5,S23,2026-04-04 17:00:54,scroll,cart,tablet,Edge,Spain
U5,S23,2026-04-04 17:02:02,purchase,profile,tablet,Firefox,Italy
U5,S23,2026-04-04 17:06:03,click,cart,desktop,Edge,Italy
U5,S23,2026-04-04 17:09:45,purchase,home,desktop,Edge,Germany
U5,S23,2026-04-04 17:12:05,scroll,search,tablet,Edge,Spain
U5,S23,2026-04-04 17:13:01,page_view,home,desktop,Chrome,Germany
U5,S23,2026-04-04 17:14:17,add_to_cart,home,tablet,Safari,Spain
U5,S23,2026-04-04 17:17:57,scroll,help,tablet,Edge,Spain
U5,S24,2026-04-05 03:07:00,page_view,checkout,tablet,Firefox,France
U5,S24,2026-04-05 03:11:16,click,help,mobile,Safari,Germany
U5,S24,2026-04-05 03:12:24,scroll,checkout,mobile,Edge,Spain
U5,S24,2026-04-05 03:14:50,page_view,search,desktop,Safari,Germany
U5,S24,2026-04-05 03:17:59,page_view,search,mobile,Edge,Spain
U5,S24,2026-04-05 03:19:21,purchase,profile,mobile,Chrome,France
U5,S24,2026-04-05 03:22:43,search,cart,desktop,Firefox,Germany
U5,S24,2026-04-05 03:25:32,purchase,product,tablet,Chrome,Spain
U5,S24,2026-04-05 03:27:01,click,help,tablet,Chrome,Spain
U5,S24,2026-04-05 03:29:30,search,profile,desktop,Edge,Italy
U5,S24,2026-04-05 03:33:12,scroll,search,tablet,Chrome,Germany
U5,S24,2026-04-05 03:37:02,page_view,product,tablet,Edge,Germany
U5,S24,2026-04-05 03:37:35,click,cart,tablet,Chrome,Spain
U5,S24,2026-04-05 03:39:29,scroll,search,mobile,Safari,Germany
U6,S25,2026-04-02 00:47:00,search,search,mobile,Edge,France
U6,S25,2026-04-02 00:51:26,add_to_cart,help,tablet,Safari,Spain
U6,S25,2026-04-02 00:54:59,purchase,home,desktop,Chrome,Italy
U6,S25,2026-04-02 00:55:48,scroll,checkout,desktop,Edge,Italy
U6,S25,2026-04-02 00:58:26,page_view,cart,mobile,Safari,France
U6,S26,2026-04-02 04:14:00,page_view,search,desktop,Edge,Spain
U6,S26,2026-04-02 04:17:32,scroll,profile,desktop,Firefox,Germany
U6,S26,2026-04-02 04:19:08,page_view,checkout,tablet,Chrome,France
U6,S26,2026-04-02 04:22:16,scroll,profile,tablet,Firefox,France
U6,S26,2026-04-02 04:23:18,click,product,mobile,Firefox,France
U6,S26,2026-04-02 04:24:06,click,help,tablet,Edge,Italy
U6,S26,2026-04-02 04:29:04,add_to_cart,cart,tablet,Safari,Germany
U6,S26,2026-04-02 04:30:31,search,home,desktop,Edge,Germany
U6,S26,2026-04-02 04:33:01,add_to_cart,home,desktop,Chrome,Germany
U6,S26,2026-04-02 04:37:07,search,home,mobile,Safari,Germany
U6,S27,2026-04-02 07:53:00,add_to_cart,checkout,desktop,Edge,Spain
U6,S27,2026-04-02 07:57:00,add_to_cart,profile,mobile,Safari,Italy
U6,S27,2026-04-02 08:01:26,click,home,desktop,Chrome,Germany
U6,S27,2026-04-02 08:02:19,add_to_cart,profile,mobile,Chrome,France
U6,S27,2026-04-02 08:06:13,search,checkout,tablet,Firefox,Germany
U6,S27,2026-04-02 08:09:33,scroll,cart,desktop,Safari,Spain
U6,S27,2026-04-02 08:12:34,page_view,product,mobile,Edge,Germany
U6,S27,2026-04-02 08:14:53,purchase,help,tablet,Firefox,Germany
U6,S27,2026-04-02 08:15:44,add_to_cart,profile,mobile,Safari,Germany
U6,S27,2026-04-02 08:19:14,click,checkout,tablet,Chrome,Germany
U6,S27,2026-04-02 08:24:10,search,profile,desktop,Firefox,Spain
U6,S27,2026-04-02 08:27:56,add_to_cart,product,mobile,Safari,Germany
U6,S27,2026-04-02 08:29:38,click,product,desktop,Firefox,France
U6,S27,2026-04-02 08:30:58,click,home,desktop,Chrome,Spain
U6,S27,2026-04-02 08:34:00,add_to_cart,search,tablet,Edge,France
U7,S28,2026-04-01 14:46:00,search,home,desktop,Safari,France
U7,S28,2026-04-01 14:49:57,add_to_cart,product,tablet,Edge,France
U7,S28,2026-04-01 14:54:40,click,product,desktop,Firefox,Germany
U7,S28,2026-04-01 14:58:35,search,help,desktop,Edge,Italy
U7,S28,2026-04-01 15:00:07,click,help,tablet,Firefox,Germany
U7,S28,2026-04-01 15:00:43,purchase,cart,desktop,Chrome,Spain
U7,S28,2026-04-01 15:03:18,page_view,help,mobile,Safari,Italy
U7,S28,2026-04-01 15:07:50,click,help,desktop,Chrome,France
U7,S28,2026-04-01 15:11:50,scroll,home,desktop,Chrome,Italy
U7,S28,2026-04-01 15:16:17,scroll,search,desktop,Chrome,Germany
U7,S28,2026-04-01 15:18:21,page_view,product,mobile,Safari,France
U7,S28,2026-04-01 15:19:41,page_view,product,desktop,Firefox,Italy
U7,S28,2026-04-01 15:23:40,add_to_cart,home,mobile,Chrome,Germany
U7,S28,2026-04-01 15:25:40,click,checkout,tablet,Edge,Spain
U7,S29,2026-04-02 00:53:00,page_view,search,desktop,Edge,Spain
U7,S29,2026-04-02 00:54:06,search,checkout,tablet,Chrome,France
U7,S29,2026-04-02 00:55:29,scroll,cart,mobile,Safari,France
U7,S29,2026-04-02 00:59:12,click,profile,tablet,Chrome,Germany
U7,S29,2026-04-02 00:59:56,add_to_cart,checkout,tablet,Chrome,Italy
U7,S29,2026-04-02 01:04:06,page_view,profile,desktop,Safari,Germany
U7,S29,2026-04-02 01:04:24,scroll,help,mobile,Safari,France
U7,S29,2026-04-02 01:05:27,add_to_cart,profile,desktop,Firefox,Spain
U7,S30,2026-04-02 12:45:00,purchase,search,tablet,Edge,Italy
U7,S30,2026-04-02 12:46:43,click,home,tablet,Edge,Spain
U7,S30,2026-04-02 12:49:23,click,home,mobile,Chrome,Germany
U7,S30,2026-04-02 12:52:11,add_to_cart,cart,tablet,Edge,Germany
U7,S30,2026-04-02 12:52:39,purchase,search,desktop,Safari,Spain
U7,S30,2026-04-02 12:55:38,scroll,home,desktop,Edge,Italy
U7,S30,2026-04-02 12:59:33,search,product,mobile,Edge,Italy
U7,S30,2026-04-02 13:02:51,add_to_cart,product,mobile,Edge,Spain
U7,S30,2026-04-02 13:06:41,add_to_cart,help,mobile,Safari,Germany
U7,S30,2026-04-02 13:07:43,page_view,product,tablet,Safari,Germany
U7,S30,2026-04-02 13:11:41,add_to_cart,profile,desktop,Firefox,Italy
U7,S30,2026-04-02 13:14:50,search,home,tablet,Safari,Italy
U7,S30,2026-04-02 13:17:20,purchase,help,mobile,Chrome,Italy
U7,S31,2026-04-03 13:28:00,click,home,mobile,Edge,Spain
U7,S31,2026-04-03 13:29:14,page_view,search,tablet,Safari,Germany
U7,S31,2026-04-03 13:32:40,add_to_cart,home,tablet,Firefox,Italy
U7,S31,2026-04-03 13:35:59,scroll,cart,mobile,Firefox,Germany
U7,S31,2026-04-03 13:39:32,scroll,profile,desktop,Firefox,Spain
U7,S31,2026-04-03 13:39:55,purchase,search,desktop,Edge,Spain
U7,S31,2026-04-03 13:42:19,scroll,profile,desktop,Firefox,Germany
U7,S31,2026-04-03 13:46:40,click,home,mobile,Chrome,Italy
U7,S31,2026-04-03 13:48:18,purchase,cart,mobile,Safari,Germany
U7,S31,2026-04-03 13:49:01,add_to_cart,checkout,desktop,Safari,France
U7,S31,2026-04-03 13:50:40,scroll,checkout,mobile,Chrome,France
U7,S31,2026-04-03 13:52:01,click,help,desktop,Chrome,Germany
U7,S31,2026-04-03 13:56:54,add_to_cart,product,desktop,Firefox,Spain
U8,S32,2026-04-02 07:46:00,search,checkout,desktop,Edge,Spain
U8,S32,2026-04-02 07:47:14,scroll,profile,mobile,Edge,Italy
U8,S32,2026-04-02 07:51:48,scroll,search,tablet,Firefox,France
U8,S32,2026-04-02 07:55:39,add_to_cart,help,mobile,Chrome,France
U8,S32,2026-04-02 07:58:24,click,search,desktop,Firefox,Germany
U8,S32,2026-04-02 08:02:59,scroll,help,mobile,Safari,France
U8,S32,2026-04-02 08:07:51,scroll,search,tablet,Safari,Spain
U8,S32,2026-04-02 08:12:18,purchase,search,tablet,Firefox,France
U8,S32,2026-04-02 08:15:20,add_to_cart,home,mobile,Chrome,Spain
U8,S32,2026-04-02 08:17:45,purchase,search,tablet,Edge,Spain
U8,S32,2026-04-02 08:22:09,purchase,checkout,desktop,Safari,Italy
U8,S33,2026-04-02 21:05:00,search,home,tablet,Chrome,France
U8,S33,2026-04-02 21:08:55,search,cart,desktop,Firefox,Germany
U8,S33,2026-04-02 21:10:18,scroll,help,tablet,Safari,Germany
U8,S33,2026-04-02 21:13:52,click,help,desktop,Chrome,Germany
U8,S33,2026-04-02 21:16:05,search,home,desktop,Edge,France
U8,S33,2026-04-02 21:17:27,page_view,home,desktop,Edge,Italy
U8,S33,2026-04-02 21:19:44,click,help,desktop,Safari,France
U8,S33,2026-04-02 21:21:15,search,checkout,desktop,Edge,Germany
U8,S33,2026-04-02 21:25:39,page_view,home,desktop,Edge,France
U8,S33,2026-04-02 21:27:39,add_to_cart,product,mobile,Chrome,Germany
U8,S33,2026-04-02 21:32:02,add_to_cart,help,tablet,Edge,Germany
U8,S33,2026-04-02 21:36:46,page_view,help,mobile,Edge,France
U8,S33,2026-04-02 21:39:11,purchase,product,desktop,Safari,Spain
U8,S33,2026-04-02 21:42:46,page_view,checkout,tablet,Firefox,Germany
U8,S33,2026-04-02 21:47:39,scroll,home,desktop,Edge,Germany
U8,S34,2026-04-03 01:30:00,scroll,help,desktop,Safari,France
U8,S34,2026-04-03 01:31:51,add_to_cart,checkout,desktop,Chrome,Spain
U8,S34,2026-04-03 01:32:20,click,profile,desktop,Edge,Italy
U8,S34,2026-04-03 01:33:46,add_to_cart,checkout,mobile,Safari,Germany
U8,S34,2026-04-03 01:35:19,search,checkout,tablet,Safari,Germany
U8,S34,2026-04-03 01:39:48,add_to_cart,checkout,desktop,Safari,Italy
U8,S34,2026-04-03 01:40:06,scroll,product,tablet,Chrome,Italy
U8,S35,2026-04-03 03:08:00,search,product,tablet,Firefox,Spain
U8,S35,2026-04-03 03:12:15,click,checkout,tablet,Edge,France
U8,S35,2026-04-03 03:14:29,page_view,checkout,tablet,Chrome,France
U8,S35,2026-04-03 03:14:48,search,product,desktop,Firefox,Italy
U8,S35,2026-04-03 03:16:42,search,checkout,tablet,Edge,Spain
U8,S35,2026-04-03 03:18:02,add_to_cart,search,tablet,Safari,Italy
U8,S35,2026-04-03 03:22:41,search,product,mobile,Edge,Germany
U8,S35,2026-04-03 03:27:30,scroll,profile,tablet,Safari,Italy
U8,S35,2026-04-03 03:29:18,click,product,tablet,Safari,France
U8,S35,2026-04-03 03:32:00,scroll,profile,mobile,Edge,Germany
U8,S35,2026-04-03 03:36:15,scroll,checkout,tablet,Safari,Germany
U8,S35,2026-04-03 03:37:27,add_to_cart,profile,tablet,Edge,Italy
U8,S35,2026-04-03 03:40:33,click,product,mobile,Safari,Spain
U8,S35,2026-04-03 03:43:40,search,profile,desktop,Edge,France
U8,S35,2026-04-03 03:45:33,add_to_cart,product,tablet,Safari,France
U8,S36,2026-04-04 03:45:00,click,search,mobile,Firefox,France
U8,S36,2026-04-04 03:45:36,page_view,cart,desktop,Edge,Spain
U8,S36,2026-04-04 03:46:56,page_view,checkout,mobile,Edge,Italy
U8,S36,2026-04-04 03:51:10,purchase,search,desktop,Safari,Germany
U8,S36,2026-04-04 03:51:50,page_view,profile,tablet,Firefox,Spain
U8,S36,2026-04-04 03:53:29,search,help,mobile,Chrome,Italy
U8,S36,2026-04-04 03:57:52,click,profile,desktop,Chrome,Spain
U8,S36,2026-04-04 04:00:34,add_to_cart,checkout,mobile,Safari,Germany
U8,S36,2026-04-04 04:04:36,purchase,checkout,tablet,Edge,France
U8,S36,2026-04-04 04:09:04,search,product,mobile,Chrome,Germany
U8,S36,2026-04-04 04:10:37,purchase,cart,tablet,Safari,France
U8,S36,2026-04-04 04:10:54,purchase,product,desktop,Firefox,France
U8,S36,2026-04-04 04:14:31,search,checkout,desktop,Chrome,Italy
U8,S36,2026-04-04 04:15:29,click,search,desktop,Safari,France
U9,S37,2026-04-01 16:28:00,scroll,product,desktop,Chrome,Germany
U9,S37,2026-04-01 16:31:14,purchase,search,mobile,Chrome,Italy
U9,S37,2026-04-01 16:34:01,click,cart,tablet,Safari,Spain
U9,S37,2026-04-01 16:36:42,scroll,checkout,mobile,Firefox,France
U9,S37,2026-04-01 16:40:56,click,cart,tablet,Safari,Italy
U9,S37,2026-04-01 16:45:47,search,help,tablet,Firefox,France
U9,S37,2026-04-01 16:46:38,add_to_cart,cart,tablet,Safari,Spain
U9,S37,2026-04-01 16:51:36,page_view,home,tablet,Firefox,France
U9,S37,2026-04-01 16:53:10,scroll,help,tablet,Edge,Spain
U9,S37,2026-04-01 16:55:05,purchase,checkout,desktop,Chrome,Italy
U9,S37,2026-04-01 16:55:43,search,search,tablet,Edge,Italy
U9,S38,2026-04-02 10:57:00,purchase,help,desktop,Chrome,Italy
U9,S38,2026-04-02 10:59:20,page_view,profile,mobile,Chrome,Spain
U9,S38,2026-04-02 11:03:06,scroll,profile,mobile,Chrome,Spain
U9,S38,2026-04-02 11:07:17,page_view,product,desktop,Firefox,France
U9,S38,2026-04-02 11:11:02,scroll,cart,desktop,Edge,Italy
U9,S39,2026-04-03 09:52:00,add_to_cart,search,tablet,Safari,Spain
U9,S39,2026-04-03 09:53:41,add_to_cart,cart,tablet,Firefox,France
U9,S39,2026-04-03 09:53:52,page_view,product,desktop,Edge,Italy
U9,S39,2026-04-03 09:55:59,click,cart,desktop,Firefox,Germany
U9,S39,2026-04-03 09:57:45,purchase,help,mobile,Chrome,Italy
U9,S39,2026-04-03 09:58:03,click,search,mobile,Chrome,Spain
U9,S39,2026-04-03 10:02:01,add_to_cart,profile,tablet,Chrome,France
U9,S39,2026-04-03 10:02:33,search,cart,mobile,Firefox,Spain
U9,S39,2026-04-03 10:03:54,add_to_cart,product,mobile,Safari,Germany
U9,S39,2026-04-03 10:06:05,scroll,search,tablet,Firefox,Italy
U9,S39,2026-04-03 10:08:48,scroll,home,tablet,Firefox,Italy
U9,S39,2026-04-03 10:13:42,search,home,desktop,Edge,Germany
U9,S39,2026-04-03 10:17:25,search,search,desktop,Edge,France
U9,S39,2026-04-03 10:22:10,search,search,mobile,Safari,France
U9,S39,2026-04-03 10:26:17,page_view,checkout,desktop,Edge,France
U9,S40,2026-04-03 19:05:00,scroll,profile,mobile,Edge,Germany
U9,S40,2026-04-03 19:05:57,add_to_cart,profile,mobile,Chrome,Germany
U9,S40,2026-04-03 19:09:20,purchase,checkout,tablet,Chrome,Spain
U9,S40,2026-04-03 19:11:06,add_to_cart,profile,tablet,Firefox,Italy
U9,S40,2026-04-03 19:13:02,scroll,product,mobile,Firefox,France
U9,S40,2026-04-03 19:14:12,purchase,help,desktop,Firefox,France
U9,S40,2026-04-03 19:17:45,click,checkout,desktop,Safari,Italy
U9,S40,2026-04-03 19:21:53,add_to_cart,profile,desktop,Safari,Germany
U9,S41,2026-04-04 11:34:00,page_view,help,tablet,Edge,Germany
U9,S41,2026-04-04 11:35:54,scroll,product,desktop,Chrome,France
U9,S41,2026-04-04 11:37:18,page_view,product,tablet,Edge,Germany
U9,S41,2026-04-04 11:38:46,click,product,mobile,Edge,France
U9,S41,2026-04-04 11:43:11,add_to_cart,profile,tablet,Safari,Germany
U9,S41,2026-04-04 11:47:31,purchase,profile,tablet,Edge,Italy
U9,S41,2026-04-04 11:49:07,purchase,help,desktop,Firefox,France
U9,S41,2026-04-04 11:53:56,search,search,tablet,Chrome,Spain
U9,S41,2026-04-04 11:54:44,purchase,home,mobile,Edge,France
U9,S41,2026-04-04 11:56:52,page_view,profile,mobile,Chrome,France
U9,S41,2026-04-04 12:01:20,search,product,mobile,Edge,Italy
U9,S41,2026-04-04 12:01:38,page_view,checkout,tablet,Edge,Spain
U9,S41,2026-04-04 12:01:56,add_to_cart,profile,desktop,Safari,Spain
U10,S42,2026-04-01 12:58:00,page_view,checkout,mobile,Firefox,France
U10,S42,2026-04-01 13:02:39,scroll,help,desktop,Safari,Italy
U10,S42,2026-04-01 13:03:29,scroll,cart,desktop,Firefox,France
U10,S42,2026-04-01 13:06:12,purchase,help,mobile,Chrome,Spain
U10,S42,2026-04-01 13:09:49,search,cart,tablet,Edge,Spain
U10,S42,2026-04-01 13:10:03,purchase,search,mobile,Edge,Italy
U10,S42,2026-04-01 13:13:02,add_to_cart,help,mobile,Chrome,France
U10,S43,2026-04-02 05:15:00,page_view,home,tablet,Safari,Spain
U10,S43,2026-04-02 05:16:41,scroll,home,mobile,Firefox,Italy
U10,S43,2026-04-02 05:17:30,scroll,search,tablet,Firefox,Italy
U10,S43,2026-04-02 05:22:16,scroll,cart,tablet,Firefox,Spain
U10,S43,2026-04-02 05:26:42,purchase,product,mobile,Chrome,Italy
U10,S43,2026-04-02 05:28:50,page_view,product,tablet,Edge,Germany
U10,S43,2026-04-02 05:29:15,purchase,product,desktop,Edge,France
U10,S43,2026-04-02 05:32:27,add_to_cart,cart,desktop,Firefox,Italy
U10,S43,2026-04-02 05:33:20,add_to_cart,product,mobile,Chrome,Spain
U10,S43,2026-04-02 05:35:47,click,cart,tablet,Firefox,Italy
U10,S43,2026-04-02 05:38:39,scroll,home,mobile,Chrome,Germany
U10,S43,2026-04-02 05:42:36,scroll,help,desktop,Chrome,France
U10,S43,2026-04-02 05:43:30,click,cart,desktop,Edge,Spain
U10,S43,2026-04-02 05:43:53,page_view,product,tablet,Chrome,Germany
U10,S44,2026-04-02 15:41:00,search,help,mobile,Firefox,France
U10,S44,2026-04-02 15:44:24,click,search,desktop,Safari,Germany
U10,S44,2026-04-02 15:48:46,click,home,mobile,Edge,Germany
U10,S44,2026-04-02 15:52:31,scroll,cart,mobile,Safari,Germany
U10,S44,2026-04-02 15:54:47,purchase,profile,desktop,Firefox,Italy
U10,S45,2026-04-03 01:41:00,search,product,tablet,Edge,Germany
U10,S45,2026-04-03 01:44:55,scroll,cart,tablet,Firefox,Germany
U10,S45,2026-04-03 01:47:49,add_to_cart,profile,mobile,Edge,Germany
U10,S45,2026-04-03 01:49:29,search,product,desktop,Edge,France
U10,S45,2026-04-03 01:52:25,search,product,desktop,Safari,Spain
U10,S45,2026-04-03 01:57:23,click,checkout,tablet,Firefox,Spain
U10,S45,2026-04-03 02:01:29,purchase,search,desktop,Safari,Spain
U10,S46,2026-04-03 17:49:00,purchase,product,mobile,Safari,France
U10,S46,2026-04-03 17:52:46,search,home,desktop,Edge,Italy
U10,S46,2026-04-03 17:57:29,add_to_cart,help,tablet,Edge,Spain
U10,S46,2026-04-03 18:00:43,purchase,help,tablet,Chrome,Spain
U10,S46,2026-04-03 18:03:00,purchase,profile,desktop,Firefox,Spain
U10,S46,2026-04-03 18:07:58,purchase,profile,tablet,Edge,Germany
U10,S46,2026-04-03 18:11:48,page_view,home,mobile,Safari,France
U10,S46,2026-04-03 18:16:19,purchase,checkout,tablet,Firefox,Italy
U10,S46,2026-04-03 18:19:40,search,cart,tablet,Firefox,Germany
U10,S46,2026-04-03 18:20:02,search,home,desktop,Edge,Spain
U10,S46,2026-04-03 18:21:11,purchase,search,desktop,Safari,Germany
U10,S46,2026-04-03 18:25:14,click,checkout,desktop,Safari,Italy
U10,S46,2026-04-03 18:26:13,search,profile,tablet,Edge,Germany
U10,S46,2026-04-03 18:26:57,scroll,home,tablet,Chrome,Spain
U10,S46,2026-04-03 18:30:02,purchase,home,tablet,Firefox,France
U10,S47,2026-04-04 11:59:00,scroll,checkout,desktop,Edge,France
U10,S47,2026-04-04 12:02:37,purchase,search,mobile,Edge,Italy
U10,S47,2026-04-04 12:03:01,purchase,checkout,mobile,Edge,Italy
U10,S47,2026-04-04 12:06:30,page_view,profile,mobile,Firefox,Germany
U10,S47,2026-04-04 12:07:12,add_to_cart,home,tablet,Firefox,Germany
U10,S47,2026-04-04 12:10:08,click,cart,mobile,Safari,Italy
U10,S47,2026-04-04 12:14:48,purchase,product,tablet,Edge,Italy
